match_id,elo_difference,squad_value_difference,squad_experience_difference,previous_possession_difference,previous_goals_scored_difference,defensive_advantage,host_advantage,previous_shots_on_target_difference,goal_difference
1,190.0,364206509.0,699,0.0,0.0,0.0,1,0.0,2
2,60.0,-48091830.0,236,0.0,0.0,0.0,0,0.0,1
3,150.0,57833523.0,360,0.0,0.0,0.0,1,0.0,0
4,125.0,250889997.0,272,0.0,0.0,0.0,1,0.0,3
5,-260.0,-235884542.0,438,0.0,0.0,0.0,0,0.0,0
6,110.0,436478259.0,209,0.0,0.0,0.0,0,0.0,0
7,-190.0,-70701529.0,-346,0.0,0.0,0.0,0,0.0,-1
8,10.0,-381132482.0,-238,0.0,0.0,0.0,0,0.0,2
9,450.0,948673542.0,225,0.0,0.0,0.0,0,0.0,6
10,100.0,494367546.0,54,0.0,0.0,0.0,0,0.0,0
11,-120.0,235979054.0,-63,0.0,0.0,0.0,0,0.0,1
12,105.0,329607931.0,-65,0.0,0.0,0.0,0,0.0,4
13,480.0,2038846578.0,-83,0.0,0.0,0.0,0,0.0,0
14,220.0,436474172.0,254,0.0,0.0,0.0,0,0.0,0
15,-300.0,-190805119.0,0,0.0,0.0,0.0,0,0.0,0
16,310.0,107530124.0,343,0.0,0.0,0.0,0,0.0,0
17,260.0,1089859352.0,-216,0.0,0.0,0.0,0,0.0,2
18,-145.0,-341281241.0,28,0.0,0.0,0.0,0,0.0,-3
19,390.0,795898584.0,474,0.0,0.0,0.0,0,0.0,3
20,220.0,139606277.0,-59,0.0,0.0,0.0,0,0.0,2
21,340.0,992870927.0,370,0.0,0.0,0.0,0,0.0,0
22,110.0,934518896.0,-323,0.0,0.0,0.0,0,0.0,2
23,10.0,24709791.0,-971,0.0,0.0,0.0,0,0.0,1
24,-340.0,-375818359.0,-87,0.0,0.0,0.0,0,0.0,-2
25,10.0,272856509.0,263,3.0,0.0,1.0,1,-1.0,1
26,120.0,139441830.0,200,3.0,1.0,0.0,0,1.0,0
27,195.0,82933547.0,-613,24.0,0.0,0.0,1,1.0,6
28,215.0,210784518.0,535,29.0,0.0,0.0,0,4.0,3
29,500.0,831902575.0,289,11.0,1.0,0.0,0,4.0,3
30,-200.0,-324722787.0,266,11.0,0.0,1.0,0,0.0,-1
31,60.0,306534830.0,226,32.0,2.0,-1.0,1,2.0,2
32,55.0,325487649.0,284,34.0,-1.0,2.0,0,6.0,-1
33,220.0,493975287.0,138,22.0,6.0,-1.0,0,8.0,1
34,350.0,218719201.0,150,12.0,-1.0,6.0,0,0.0,0
35,165.0,356695101.0,346,12.0,-3.0,-1.0,0,-2.0,4
36,-170.0,-191935486.0,-227,12.0,-1.0,-3.0,0,-3.0,-4
37,130.0,488630151.0,-90,14.0,-1.0,1.0,0,-1.0,0
38,-220.0,-159686103.0,1,2.0,1.0,-1.0,0,5.0,-2
39,460.0,2004631818.0,-185,47.0,-1.0,1.0,0,5.0,4
40,320.0,225019879.0,102,37.0,1.0,-1.0,0,9.0,0
41,470.0,1422335888.0,-29,15.0,2.0,3.0,0,7.0,3
42,-65.0,8804705.0,-215,13.0,3.0,2.0,0,3.0,1
43,320.0,781121201.0,247,-4.0,0.0,1.0,0,2.0,2
44,-150.0,-124828894.0,286,-18.0,1.0,0.0,0,2.0,-1
45,360.0,1060783765.0,204,35.0,0.0,2.0,0,-1.0,5
46,320.0,307905521.0,253,31.0,2.0,0.0,0,2.0,1
47,360.0,1122981159.0,268,13.0,3.0,-2.0,0,9.0,0
48,-260.0,-213172054.0,380,12.0,-2.0,3.0,0,-1.0,-1
49,-70.0,-224764679.0,-499,-14.0,-0.5,-1.5,-1,-1.0,-3
50,-180.0,-91350000.0,-436,-1.0,-0.5,-0.5,0,-0.5,1
51,65.0,152950995.0,175,-1.0,-1.0,-0.5,-1,-0.5,1
52,45.0,25100024.0,-973,7.5,0.5,1.0,0,1.5,2
53,-310.0,-761201046.0,57,-8.5,-1.5,0.0,0,-4.0,-3
54,390.0,395424316.0,80,9.5,1.0,1.5,0,3.0,2
55,-70.0,74597652.0,12,7.5,-3.0,-1.0,-1,2.0,1
56,-65.0,55644833.0,-46,-5.0,0.0,-1.0,0,-1.5,0
57,-100.0,-729954341.0,-75,-5.0,-4.5,0.5,0,-2.0,1
58,-230.0,-454698255.0,-87,-4.0,-0.5,-2.5,0,-2.5,-2
59,-270.0,-686303032.0,-281,-10.0,-3.0,-3.0,0,-4.5,-2
60,65.0,-137672445.0,292,4.5,0.0,2.0,0,-2.5,0
65,-325.0,-1081054647.0,1,2.0,0.5,-1.0,0,-1.0,-3
66,210.0,332476536.0,187,7.0,1.0,0.5,0,2.5,5
61,-440.0,-596160275.0,-253,-16.0,1.0,-2.0,0,0.0,-4
62,-90.0,52155979.0,-344,10.0,1.0,0.0,0,2.0,0
63,-160.0,-1813826699.0,185,-6.5,-0.5,-1.5,0,0.5,-1
64,-20.0,-34214760.0,-102,0.5,0.5,1.5,0,0.5,0
67,-540.0,-920727478.0,-188,-20.5,-1.5,-2.5,0,-3.0,-2
68,-70.0,-14777383.0,-227,11.5,-0.5,-0.5,0,1.0,0
69,-20.0,-684965406.0,-117,-8.0,-1.0,0.0,0,-0.5,0
70,20.0,67912838.0,-166,-2.0,0.0,3.0,0,0.5,2
71,-370.0,-1147690950.0,703,-4.0,-2.0,0.0,0,-4.5,-2
72,250.0,188462263.0,591,11.5,1.0,-2.0,0,2.5,1
73,-175.0,-156533523.0,-435,-9.0,-2.0,0.0,0,-3.9999999999999996,-1
74,150.0,622382413.0,109,9.0,0.0,0.6666666666666667,0,1.666666666666667,1
75,245.0,853057903.0,155,29.000000000000004,2.666666666666667,0.0,0,7.333333333333333,0
76,60.0,308463392.0,154,1.6666666666666643,1.3333333333333335,-0.33333333333333326,0,1.666666666666667,0
77,-25.0,29616520.0,-95,-5.0,-1.3333333333333333,1.666666666666667,0,-0.6666666666666661,-1
78,285.0,1137682024.0,285,5.666666666666664,1.0,1.666666666666667,0,1.0,3
79,-60.0,153119221.0,452,0.0,1.3333333333333335,0.6666666666666666,1,-2.666666666666667,2
80,380.0,1168781058.0,47,14.333333333333336,0.6666666666666667,0.33333333333333337,0,4.0,1
81,110.0,177720854.0,69,6.666666666666671,-0.6666666666666665,1.3333333333333335,0,1.666666666666667,1
82,205.0,240173723.0,364,16.333333333333336,0.9999999999999998,0.6666666666666667,1,0.6666666666666665,2
83,290.0,1890254786.0,-262,16.666666666666664,-0.33333333333333326,2.0,0,4.666666666666666,3
84,70.0,758608765.0,0,7.666666666666671,0.33333333333333326,1.3333333333333335,0,-0.6666666666666665,1
85,100.0,128043658.0,355,-0.6666666666666714,0.6666666666666667,1.3333333333333335,0,2.0,2
86,60.0,-117552906.0,-96,-9.0,-1.0,0.33333333333333337,0,-1.0000000000000004,0
87,510.0,929712993.0,426,21.33333333333333,2.0,0.3333333333333333,0,2.3333333333333335,1
88,300.0,262105622.0,474,15.333333333333336,0.6666666666666666,0.3333333333333333,0,3.0,1
89,-375.0,-1410520743.0,-111,-26.0,-2.5,-0.75,0,-6.5,-1
90,-125.0,-252520631.0,250,-8.0,0.5,0.25,0,2.0,-3
91,255.0,428082591.0,115,11.0,-0.25,1.5,0,2.0,-1
92,-240.0,-909912387.0,384,-10.25,0.0,0.75,1,-2.75,-1
93,-110.0,-988264264.0,418,-6.5,0.0,-0.5,0,-4.5,-1
94,-100.0,-247492248.0,-124,-4.75,0.25,0.0,1,-3.25,-3
95,420.0,827447645.0,420,10.5,1.25,0.25,0,1.75,1
96,-130.0,-103758841.0,89,-3.75,1.0,-0.5,0,0.25,0
97,180.0,1089450315.0,93,1.7999999999999972,0.7999999999999998,0.4,0,2.8,2
98,170.0,1500107058.0,-343,5.599999999999994,-0.8,1.0,0,0.39999999999999947,1
99,-275.0,-856669074.0,-36,0.6000000000000014,0.19999999999999973,-0.8,0,-1.6000000000000005,-1
100,290.0,667854926.0,119,7.600000000000001,0.9999999999999998,-0.4,0,1.3999999999999995,2
101,-20.0,-587968560.0,58,-3.6666666666666643,0.8333333333333333,-0.1666666666666667,0,0.0,-2
102,-100.0,296779452.0,-414,-6.5,-0.666666666666667,0.0,0,-0.6666666666666661,-1
103,50.0,224385573.0,-37,3.2857142857142847,0.2857142857142856,0.5714285714285714,0,0.8571428571428577,-2
104,-30.0,1109133585.0,-509,2.5714285714285765,-0.8571428571428572,0.8571428571428572,0,0.7142857142857144,1
